What is the capital of France ?;Paris;Lyons;Marseilles;Nature
What is the capital of Australia?;Camberra;Sydney;Brighton;Nature
What is the capital of Brazil?;Brasilia;San Paulo;Lisbon;Nature
What is the capital of Kenya ?;Nairobi;Kinshasa;Zanzibar;Movies
What is the largest ocean ?;The Pacific Ocean;The Atlantic ocean;The Arctic ocean;Movies
Who created the three rules of robotics ?;Isaac Asimov;Philip K Dick;Ray Bradbury;School
When was Lord of the Rings first published ?;1954;1937;1978;School
